﻿<?xml version="1.0" encoding="utf-8" standalone="no" ?>
<modDesc descVersion="65">
  <author>LS-Farmers</author>
  <version>0.0.0.1</version>
  <title>
    <en>More Power</en>
    <de>More Power</de>
  </title>
  <description>
    <en>
    <![CDATA[
]]></en>
    <de>
    <![CDATA[
]]></de>
  </description>
  <multiplayer supported="true"/>
  <iconFilename>modIcon.dds</iconFilename>
  <extraSourceFiles>
    <sourceFile filename="register.lua"/>
  </extraSourceFiles>
</modDesc>
