﻿<?xml version="1.0" encoding="utf-8" standalone="no" ?>
<modDesc descVersion="72">
  <author>LS-Farmers</author>
  <version>1.0.0.0</version>
  <title>
    <en>More Power</en>
    <de>Mehr Power</de>
  </title>
  <description>
    <en>
    <![CDATA[You like maps with hills or mountains?
You think your vehicles do not have enough power?
This script can help you in this situation.
It will increase (double) the power of your motorized vehicles.
So it is possible to reach the top of the steepest mountains. 
]]></en>
    <de>
    <![CDATA[Ihr spielt gerne auf hügeligen oder bergigen Karten?
Ihr findet eure Fahrzeuge haben zu wenig Leistung?
Dieses Script verschafft hier Abhilfe.
Die Leistung der motorisierten Fahrzeuge wird durch dieses Script verdoppelt.
Somit meistert ihr auch steile Berge.
]]></de>
  </description>
  <multiplayer supported="true"/>
  <iconFilename>modIcon.dds</iconFilename>
  <extraSourceFiles>
    <sourceFile filename="register.lua"/>
  </extraSourceFiles>
</modDesc>
